,,,,,,,,
,,,,,,,,
9ul57f,evga rtx 2080 ti ftw3 ultra gaming msi gaming x trio rtx 2080 ti sli-bridges raidmax and corsair case,1600-1550-10-30-60-60,https://www.reddit.com/r/hardwareswap/comments/9ul57f/usatx_h_evga_rtx_2080_ti_ftw3_ultra_gaming_msi/,2018,11,5,22,7
,,,,,,,,
9tzne6,2080 ti,-,https://www.reddit.com/r/hardwareswap/comments/9tzne6/usava_h_2080_ti_w_local_cash_paypal/,2018,11,3,20,27
9tw2th,oled c8pua 65 inch tv 2018 model z321qu gaming monitor zotac 2080 amp,2100-600-780,https://www.reddit.com/r/hardwareswap/comments/9tw2th/usatx_h_oled_c8pua_65_inch_tv_2018_model_z321qu/,2018,11,3,12,44
9tpftf,nvidia rtx 2080 ti founders edition,1350-1400-2675-2750,https://www.reddit.com/r/hardwareswap/comments/9tpftf/usaar_h_nvidia_rtx_2080_ti_founders_edition_w/,2018,11,2,18,48
9tgloy,rtx 2080 ti 2080ti  intel 8700k  3x ddr4 8gb ram modules,1150-1200-300-325-45-40,https://www.reddit.com/r/hardwareswap/comments/9tgloy/usanyh_rtx_2080_ti_2080ti_intel_8700k_3x_ddr4_8gb/,2018,11,1,22,33
9t4qps,oled 65 inch tv 2018 model z321qu monitor zotac 2080 amp,2200-600-800,https://www.reddit.com/r/hardwareswap/comments/9t4qps/usatx_h_oled_65_inch_tv_2018_model_z321qu_monitor/,2018,10,31,19,40
9rpu33,dell s2716dg phanteks enthoo evolv atx tg silver nvidia geforce 1080 ti fe cash/paypal,80-350-120-40,https://www.reddit.com/r/hardwareswap/comments/9rpu33/usaca_h_dell_s2716dg_phanteks_enthoo_evolv_atx_tg/,2018,10,26,18,44
9rne0y,16gb corsair lpx 3200 ryzen 1700 / gtx1070 pc,135-145-610-595-1250,https://www.reddit.com/r/hardwareswap/comments/9rne0y/usame_h_16gb_corsair_lpx_3200_ryzen_1700_gtx1070/,2018,10,26,13,37
,,,,,,,,
,,,,,,,,
9ppf6n,evga geforce gtx 1080 sc gaming acx 30 dell 27in 144hz gsync monitor  massdrop akg k7xx,375-365-200,https://www.reddit.com/r/hardwareswap/comments/9ppf6n/usa_ca_h_evga_geforce_gtx_1080_sc_gaming_acx_30/,2018,10,19,19,7
9pmeg6,msi rtx 2080 ti gaming x trio,1300-1250-50,https://www.reddit.com/r/hardwareswap/comments/9pmeg6/usade_h_msi_rtx_2080_ti_gaming_x_trio_w_paypal/,2018,10,19,13,14
9pgky3,msi rtx 2080 ti gaming x trio,1300-1250-50,https://www.reddit.com/r/hardwareswap/comments/9pgky3/usade_h_msi_rtx_2080_ti_gaming_x_trio_w_paypal/,2018,10,18,23,36
9pcnzo,bnib nvidia geforce rtx 2080 ti fe - sony wh-1000xm2 noise-canceling headphones,1300-220,https://www.reddit.com/r/hardwareswap/comments/9pcnzo/usailh_bnib_nvidia_geforce_rtx_2080_ti_fe_sony/,2018,10,18,14,56
9ozqt2,asus 1080 ti,450-475-440-500,https://www.reddit.com/r/hardwareswap/comments/9ozqt2/usany_h_asus_1080_ti_w_paypal_local_cash_rtx_2080/,2018,10,17,10,38
,,,,,,,,
,,,,,,,,
9mjsw0,"evga geforce rtx 2080 ti xc gaming acer predator x27 27"" 4k fractal s24 liquid cooler logitech g pro wireless gaming mouse corsair k70 mk2 mechanical keyboard",114999-1750-60-100-100,https://www.reddit.com/r/hardwareswap/comments/9mjsw0/usavah_evga_geforce_rtx_2080_ti_xc_gaming_acer/,2018,10,8,18,2
9lsimk,nvidia rtx 2080 fe zotac 1070ti samsung 970 &amp; 860 2tb m2 drives,690-290-385-290-280,https://www.reddit.com/r/hardwareswap/comments/9lsimk/usailh_nvidia_rtx_2080_fe_zotac_1070ti_samsung/,2018,10,5,21,20
,,,,,,,,
9kalx5,(bnib) ek-vector rtx 2080 ti - copper + plexi; (never used) ek-ddc 32 pwm (12v pwm); (never used) sc protium ddc mod kit; (bnib) gigabyte b450 aorus m (rev 10); bitspower 10/12mm fittings; sc protium 100m res; ek-acf fitting 10/16mm; sc ethereal single v3,130-75-80-10-65-65-45-40-30,https://www.reddit.com/r/hardwareswap/comments/9kalx5/usade_h_bnib_ekvector_rtx_2080_ti_copper_plexi/,2018,9,30,17,21
,,,,,,,,
,,,,,,,,
,,,,,,,,
9gegkh,msi rtx 2080 x trio + gtx 1080 + 1070 gpu,875-850-369-350-259-245-89-84-69-65,https://www.reddit.com/r/hardwareswap/comments/9gegkh/usany_h_msi_rtx_2080_x_trio_gtx_1080_1070_gpu_w/,2018,9,16,16,41
9geff0,msi rtx 2080 x trio + gtx 1080 + 1070 gpu,875-850-369-350-259-245-89-84-69-65,https://www.reddit.com/r/hardwareswap/comments/9geff0/usany_h_msi_rtx_2080_x_trio_gtx_1080_1070_gpu_w/,2018,9,16,16,37
9b0lq7,nvidia geforce rtx 2080 ti founders edition and evga geforce rtx 2080 xc ultra gaming 8gb gddr6,1800-1200,https://www.reddit.com/r/hardwareswap/comments/9b0lq7/usanj_h_nvidia_geforce_rtx_2080_ti_founders/,2018,8,28,11,53
