Post Id,Items for sale,Price,URL,Year,Month,Day,Hour,Minute
9vdh2v,rtx 2080 ti founders edition,1550,https://www.reddit.com/r/hardwareswap/comments/9vdh2v/usaca_h_rtx_2080_ti_founders_edition_w_local_cash/,2018,11,8,14,12
9v7d35,ek-vector rtx 2080 ti - copper + plexi - brand new in box,110,https://www.reddit.com/r/hardwareswap/comments/9v7d35/usade_h_ekvector_rtx_2080_ti_copper_plexi_brand/,2018,11,7,23,35
9v4m3t,2990wx 2080 ti fe dell 1440p ultrawide x399 mobo x299 mobo z390 maximus xi hero z370 mobo many cases,1400-1250-350-150-250-190-400-250-130-50-150-75,https://www.reddit.com/r/hardwareswap/comments/9v4m3t/usamd_h_2990wx_2080_ti_fe_dell_1440p_ultrawide/,2018,11,7,17,25
9v4f15,2990wx 2080 ti fe dell 1440p ultrawide x399 mobo x299 mobo z390 maximus xi hero z370 mobo many cases at really low prices!,1400-1250-350-150-250-190-400-250-130-50-150-75,https://www.reddit.com/r/hardwareswap/comments/9v4f15/usamd_h_2990wx_2080_ti_fe_dell_1440p_ultrawide/,2018,11,7,17,2
9v11xc,rtx 2080 gtx titan asus strix z270g i3-6100 ddr 4 960 evo m2 850 evo aio cpu coler evga 750w psu,725-170-170-80-60-90-60-30-70-30-10,https://www.reddit.com/r/hardwareswap/comments/9v11xc/usaohh_rtx_2080_gtx_titan_asus_strix_z270g_i36100/,2018,11,7,10,48
9v0klp,gigabyte gaming oc rtx 2080 ti 2080ti oc gaming,1200-1250,https://www.reddit.com/r/hardwareswap/comments/9v0klp/usanyh_gigabyte_gaming_oc_rtx_2080_ti_2080ti_oc/,2018,11,7,9,53
9v00ua,gigabyte gaming oc rtx 2080 ti 2080ti oc gaming,1200-1250,https://www.reddit.com/r/hardwareswap/comments/9v00ua/usanyh_gigabyte_gaming_oc_rtx_2080_ti_2080ti_oc/,2018,11,7,8,47
9uu6gq,nisb nvidia zotac rtx 2080 amp,775,https://www.reddit.com/r/hardwareswap/comments/9uu6gq/usaoh_h_nisb_nvidia_zotac_rtx_2080_amp_w_paypal/,2018,11,6,18,24
9uq5fs,bnib i9-9900k bnib rtx 2080 ti fe strix 1080 ti oc,57999-57999-119999-128399-60-62500,https://www.reddit.com/r/hardwareswap/comments/9uq5fs/usafl_h_bnib_i99900k_bnib_rtx_2080_ti_fe_strix/,2018,11,6,11,7
9upeug,msi gaming x trio 1080 ti +waterblock local cash,NONE LISTED,https://www.reddit.com/r/hardwareswap/comments/9upeug/usamahmsi_gaming_x_trio_1080_ti_waterblock_local/,2018,11,6,9,46
9ul57f,evga rtx 2080 ti ftw3 ultra gaming msi gaming x trio rtx 2080 ti sli-bridges raidmax and corsair case,1600-1550-10-30-60-60,https://www.reddit.com/r/hardwareswap/comments/9ul57f/usatx_h_evga_rtx_2080_ti_ftw3_ultra_gaming_msi/,2018,11,5,22,7
9ufz9z,evga rtx 2080 ti ftw3 ultra,1400,https://www.reddit.com/r/hardwareswap/comments/9ufz9z/usany_h_evga_rtx_2080_ti_ftw3_ultra_w_local_cash/,2018,11,5,12,14
9uepaw,gigabyte gaming oc rtx 2080 ti 2080ti oc gaming,1200-1250,https://www.reddit.com/r/hardwareswap/comments/9uepaw/usanyh_gigabyte_gaming_oc_rtx_2080_ti_2080ti_oc/,2018,11,5,9,57
9u7ypu,asus geforce rtx 2080 dual oc edition,675,https://www.reddit.com/r/hardwareswap/comments/9u7ypu/usaga_h_asus_geforce_rtx_2080_dual_oc_edition_w/,2018,11,4,16,46
9tzne6,2080 ti,-,https://www.reddit.com/r/hardwareswap/comments/9tzne6/usava_h_2080_ti_w_local_cash_paypal/,2018,11,3,20,27
9tw2th,oled c8pua 65 inch tv 2018 model z321qu gaming monitor zotac 2080 amp,2100-600-780,https://www.reddit.com/r/hardwareswap/comments/9tw2th/usatx_h_oled_c8pua_65_inch_tv_2018_model_z321qu/,2018,11,3,12,44
9ttfzs,gigabyte rtx 2080 ti 2080ti oc gaming,NONE LISTED,https://www.reddit.com/r/hardwareswap/comments/9ttfzs/usanyh_gigabyte_rtx_2080_ti_2080ti_oc_gaming_w/,2018,11,3,6,43
9tpftf,nvidia rtx 2080 ti founders edition,1350-1400-2675-2750,https://www.reddit.com/r/hardwareswap/comments/9tpftf/usaar_h_nvidia_rtx_2080_ti_founders_edition_w/,2018,11,2,18,48
9tgloy,rtx 2080 ti 2080ti  intel 8700k  3x ddr4 8gb ram modules,1150-1200-300-325-45-40,https://www.reddit.com/r/hardwareswap/comments/9tgloy/usanyh_rtx_2080_ti_2080ti_intel_8700k_3x_ddr4_8gb/,2018,11,1,22,33
9tc3m5,evga rtx 2080 ti xc ultra gaming 11g-p4-2383-kr,1560,https://www.reddit.com/r/hardwareswap/comments/9tc3m5/usany_h_evga_rtx_2080_ti_xc_ultra_gaming/,2018,11,1,13,31
9tbc7d,zotac gaming geforce rtx 2080 amp graphics card,659,https://www.reddit.com/r/hardwareswap/comments/9tbc7d/usail_h_zotac_gaming_geforce_rtx_2080_amp/,2018,11,1,12,9
9t4qps,oled 65 inch tv 2018 model z321qu monitor zotac 2080 amp,2200-600-800,https://www.reddit.com/r/hardwareswap/comments/9t4qps/usatx_h_oled_65_inch_tv_2018_model_z321qu_monitor/,2018,10,31,19,40
9sxxjt,evga gtx 1080 ti sc black edition and cash,NONE LISTED,https://www.reddit.com/r/hardwareswap/comments/9sxxjt/usamd_h_evga_gtx_1080_ti_sc_black_edition_and/,2018,10,31,6,44
9s24hc,msi 2080 ti ventus oc,1250,https://www.reddit.com/r/hardwareswap/comments/9s24hc/usatxh_msi_2080_ti_ventus_oc_w_paypal/,2018,10,28,5,1
9s22wi,msi 2080 ti ventus oc for sale ($1250,NONE LISTED,https://www.reddit.com/r/hardwareswap/comments/9s22wi/msi_2080_ti_ventus_oc_for_sale_1250/,2018,10,28,4,51
9rpu33,dell s2716dg phanteks enthoo evolv atx tg silver nvidia geforce 1080 ti fe cash/paypal,80-350-120-40,https://www.reddit.com/r/hardwareswap/comments/9rpu33/usaca_h_dell_s2716dg_phanteks_enthoo_evolv_atx_tg/,2018,10,26,18,44
9rne0y,16gb corsair lpx 3200 ryzen 1700 / gtx1070 pc,135-145-610-595-1250,https://www.reddit.com/r/hardwareswap/comments/9rne0y/usame_h_16gb_corsair_lpx_3200_ryzen_1700_gtx1070/,2018,10,26,13,37
9rfyhd,2x nvidia rtx 2080 ti founderâ€™s edition (new unsealed for photos),1200-2300,https://www.reddit.com/r/hardwareswap/comments/9rfyhd/usatx_h_2x_nvidia_rtx_2080_ti_founders_edition/,2018,10,25,19,34
9qz36k,water-cooling bundle: (bnib) ek-vector rtx 2080 ti - copper + plexi; bitspower 10/12mm fittings; sc protium 100m res; ek-acf fitting 10/16mm; sc ethereal single v3,200,https://www.reddit.com/r/hardwareswap/comments/9qz36k/sellingusade_h_watercooling_bundle_bnib_ekvector/,2018,10,24,7,14
9ql7ph,i7-8700k gtx 1080ti rtx 208,NONE LISTED,https://www.reddit.com/r/hardwareswap/comments/9ql7ph/i78700k_gtx_1080ti_rtx_2080/,2018,10,22,22,39
9qko17,msi rtx 2080 ti gaming x trio,1400-1380,https://www.reddit.com/r/hardwareswap/comments/9qko17/usaco_h_msi_rtx_2080_ti_gaming_x_trio_w_paypal/,2018,10,22,21,25
9ppf6n,evga geforce gtx 1080 sc gaming acx 30 dell 27in 144hz gsync monitor  massdrop akg k7xx,375-365-200,https://www.reddit.com/r/hardwareswap/comments/9ppf6n/usa_ca_h_evga_geforce_gtx_1080_sc_gaming_acx_30/,2018,10,19,19,7
9pmeg6,msi rtx 2080 ti gaming x trio,1300-1250-50,https://www.reddit.com/r/hardwareswap/comments/9pmeg6/usade_h_msi_rtx_2080_ti_gaming_x_trio_w_paypal/,2018,10,19,13,14
9pgky3,msi rtx 2080 ti gaming x trio,1300-1250-50,https://www.reddit.com/r/hardwareswap/comments/9pgky3/usade_h_msi_rtx_2080_ti_gaming_x_trio_w_paypal/,2018,10,18,23,36
9pcnzo,bnib nvidia geforce rtx 2080 ti fe - sony wh-1000xm2 noise-canceling headphones,1300-220,https://www.reddit.com/r/hardwareswap/comments/9pcnzo/usailh_bnib_nvidia_geforce_rtx_2080_ti_fe_sony/,2018,10,18,14,56
9ozqt2,asus 1080 ti,450-475-440-500,https://www.reddit.com/r/hardwareswap/comments/9ozqt2/usany_h_asus_1080_ti_w_paypal_local_cash_rtx_2080/,2018,10,17,10,38
9ot3bm,rtx 2080,720,https://www.reddit.com/r/hardwareswap/comments/9ot3bm/usanj_h_rtx_2080_w_paypal/,2018,10,16,18,42
9os6ki,2018 razer blade 144hz 1080p w/ gtx 1070 max q 512 gb ssd,2000,https://www.reddit.com/r/hardwareswap/comments/9os6ki/usatxh_2018_razer_blade_144hz_1080p_w_gtx_1070/,2018,10,16,16,50
9oq44v,gigabyte geforce rtx 2080 gaming oc 8gb,775,https://www.reddit.com/r/hardwareswap/comments/9oq44v/usaga_h_gigabyte_geforce_rtx_2080_gaming_oc_8gb_w/,2018,10,16,13,3
9of7of,rtx 2080 amp,NONE LISTED,https://www.reddit.com/r/hardwareswap/comments/9of7of/usacahrtx_2080_amp_wlocal_cashbay_area/,2018,10,15,13,14
9o2vx4,2018 razer blade 15 144hz 1080p gtx 1070maxq 512ssd,NONE LISTED,https://www.reddit.com/r/hardwareswap/comments/9o2vx4/usatxh_2018_razer_blade_15_144hz_1080p_gtx/,2018,10,14,8,57
9nv639,rtx 2080 ti,1275-1300,https://www.reddit.com/r/hardwareswap/comments/9nv639/usail_h_rtx_2080_ti_w_cash_money_baby/,2018,10,13,11,45
9n61tv,msi 2080 gaming x trio,820-799,https://www.reddit.com/r/hardwareswap/comments/9n61tv/usacah_msi_2080_gaming_x_trio_w_paypal_local_cash/,2018,10,10,21,37
9mmau7,2080 ti fe,NONE LISTED,https://www.reddit.com/r/hardwareswap/comments/9mmau7/usaca_h_2080_ti_fe_w_paypallocal_cash/,2018,10,8,23,58
9mkjl8,zotac amp 2080 ti,NONE LISTED,https://www.reddit.com/r/hardwareswap/comments/9mkjl8/usavahzotac_amp_2080_ti_w_cash_or_paypal/,2018,10,8,19,42
9mjsw0,evga geforce rtx 2080 ti xc gaming acer predator x27 27" 4k fractal s24 liquid cooler logitech g pro wireless gaming mouse corsair k70 mk2 mechanical keyboard,114999-1750-60-100-100,https://www.reddit.com/r/hardwareswap/comments/9mjsw0/usavah_evga_geforce_rtx_2080_ti_xc_gaming_acer/,2018,10,8,18,2
9mgm8j,evga 2080 ti xc,1400,https://www.reddit.com/r/hardwareswap/comments/9mgm8j/usatxh_evga_2080_ti_xc_w_cash_trades/,2018,10,8,11,52
9mggn2,bnib evga 2080 ti xc,1400,https://www.reddit.com/r/hardwareswap/comments/9mggn2/usatxhbnib_evga_2080_ti_xc_w_cash/,2018,10,8,11,35
9lyk83,bnib asus geforce rtx 2080 ti dual,1500,https://www.reddit.com/r/hardwareswap/comments/9lyk83/usaoh_h_bnib_asus_geforce_rtx_2080_ti_dual_w/,2018,10,6,14,4
9lsimk,nvidia rtx 2080 fe zotac 1070ti samsung 970 &amp; 860 2tb m2 drives,690-290-385-290-280,https://www.reddit.com/r/hardwareswap/comments/9lsimk/usailh_nvidia_rtx_2080_fe_zotac_1070ti_samsung/,2018,10,5,21,20
9lqy7d,nvidia geforce rtx 2080 ti founders edition,1550-1500,https://www.reddit.com/r/hardwareswap/comments/9lqy7d/usaut_h_nvidia_geforce_rtx_2080_ti_founders/,2018,10,5,17,26
9l2wmk,gigabyte rtx 2080 ti windforce oc,1900,https://www.reddit.com/r/hardwareswap/comments/9l2wmk/usaco_h_gigabyte_rtx_2080_ti_windforce_oc_w_local/,2018,10,3,11,48
9kvjnz,zotac gaming geforce rtx 2080 ti - zt-t20810f-10p,NONE LISTED,https://www.reddit.com/r/hardwareswap/comments/9kvjnz/usafl_h_zotac_gaming_geforce_rtx_2080_ti/,2018,10,2,17,56
9kalx5,(bnib) ek-vector rtx 2080 ti - copper + plexi; (never used) ek-ddc 32 pwm (12v pwm); (never used) sc protium ddc mod kit; (bnib) gigabyte b450 aorus m (rev 10); bitspower 10/12mm fittings; sc protium 100m res; ek-acf fitting 10/16mm; sc ethereal single v3,130-75-80-10-65-65-45-40-30,https://www.reddit.com/r/hardwareswap/comments/9kalx5/usade_h_bnib_ekvector_rtx_2080_ti_copper_plexi/,2018,9,30,17,21
9k0vkw,ek 2080 ti water blocks and backplates,160,https://www.reddit.com/r/hardwareswap/comments/9k0vkw/usatxh_ek_2080_ti_water_blocks_and_backplates_w/,2018,9,29,16,50
9jps7b,brand new sealed evga rtx 2080 ti xc 11g-p4-2382-kr,2000,https://www.reddit.com/r/hardwareswap/comments/9jps7b/usany_h_brand_new_sealed_evga_rtx_2080_ti_xc/,2018,9,28,14,3
9jpp49,brand new sealed evga rtx 2080 ti xc 11g-p4-2382-kr,2000,https://www.reddit.com/r/hardwareswap/comments/9jpp49/usany_h_brand_new_sealed_evga_rtx_2080_ti_xc/,2018,9,28,13,53
9ip67t,asus geforce rtx 2080 o8g dual-fan oc edition,1200,https://www.reddit.com/r/hardwareswap/comments/9ip67t/usanj_h_asus_geforce_rtx_2080_o8g_dualfan_oc/,2018,9,24,23,37
9io4nr,rtx 2080 founder edition,750-740,https://www.reddit.com/r/hardwareswap/comments/9io4nr/usade_h_rtx_2080_founder_edition_w_local_cash/,2018,9,24,21,3
9in04v,evga geforce rtx 2080 xc ultra,918,https://www.reddit.com/r/hardwareswap/comments/9in04v/usaca_h_evga_geforce_rtx_2080_xc_ultra_w_paypal/,2018,9,24,18,30
9iime0,rtx 2080 fe,775,https://www.reddit.com/r/hardwareswap/comments/9iime0/usaohh_rtx_2080_fe_w_paypal/,2018,9,24,9,58
9ie02l,evga gtx 1080 ti ftw3 w/ ekwb water block and backplate+cash,NONE LISTED,https://www.reddit.com/r/hardwareswap/comments/9ie02l/usami_h_evga_gtx_1080_ti_ftw3_w_ekwb_water_block/,2018,9,23,20,49
9htpi8,zotac geforce rtx 2080 blower 8gb gddr6 256-bit gpu,82124,https://www.reddit.com/r/hardwareswap/comments/9htpi8/usaca_h_zotac_geforce_rtx_2080_blower_8gb_gddr6/,2018,9,21,15,25
9gp4lo,rtx 2080 ti founders edition,1300-129192,https://www.reddit.com/r/hardwareswap/comments/9gp4lo/usaca_h_rtx_2080_ti_founders_edition_w_local_cash/,2018,9,17,17,46
9go98o,evga 2080 xc pre-order (sold out),NONE LISTED,https://www.reddit.com/r/hardwareswap/comments/9go98o/usami_h_evga_2080_xc_preorder_sold_out_w_looking/,2018,9,17,16,0
9go63x,evga 2080 x,NONE LISTED,https://www.reddit.com/r/hardwareswap/comments/9go63x/evga_2080_xc/,2018,9,17,15,49
9gl6nk,rtx 2080 ti founders edition,1350-129192,https://www.reddit.com/r/hardwareswap/comments/9gl6nk/usaca_h_rtx_2080_ti_founders_edition_w_local_cash/,2018,9,17,10,16
9gghhh,anyone want to trade my 2080 ti founders edition for purchase cost,NONE LISTED,https://www.reddit.com/r/hardwareswap/comments/9gghhh/anyone_want_to_trade_my_2080_ti_founders_edition/,2018,9,16,21,24
9gegkh,msi rtx 2080 x trio + gtx 1080 + 1070 gpu,875-850-369-350-259-245-89-84-69-65,https://www.reddit.com/r/hardwareswap/comments/9gegkh/usany_h_msi_rtx_2080_x_trio_gtx_1080_1070_gpu_w/,2018,9,16,16,41
9geff0,msi rtx 2080 x trio + gtx 1080 + 1070 gpu,875-850-369-350-259-245-89-84-69-65,https://www.reddit.com/r/hardwareswap/comments/9geff0/usany_h_msi_rtx_2080_x_trio_gtx_1080_1070_gpu_w/,2018,9,16,16,37
9b0lq7,nvidia geforce rtx 2080 ti founders edition and evga geforce rtx 2080 xc ultra gaming 8gb gddr6,1800-1200,https://www.reddit.com/r/hardwareswap/comments/9b0lq7/usanj_h_nvidia_geforce_rtx_2080_ti_founders/,2018,8,28,11,53
744mzi,how much could i get for a used asus strix gtx 1080 (bought in november of 2016)? it works perfectly fine and i'm thinking of upgrading to a 1080ti or a 2080 when it comes ou,NONE LISTED,https://www.reddit.com/r/hardwareswap/comments/744mzi/how_much_could_i_get_for_a_used_asus_strix_gtx/,2017,10,3,19,28
